1,1,1,1,1,1,1,1,1,1,1,1,1,1,1,1,1,1,1,1,1,1,1,1,1,1,1,1,1,1,1,1,1,1,1,1,1,1,1,1,1,1,1,1,1,1,1,1,1,1,1,1,1,1,1,1,1,1,1,1,1,1,1,1,1,1,1,1,1,1,1,1,1,1,1,1,1,1,1,1,1,1,1,1,1,1,1,1,1,1,1,1,1,1,1,1,1,1,1,1,1
1,1,1,1,1,1,1,1,1,1,1,1,1,1,1,1,1,1,1,1,1,1,1,1,1,1,1,1,1,1,1,1,1,1,1,1,1,1,1,1,1,1,1,1,1,1,1,1,1,1,1,1,1,1,1,1,1,1,1,1,1,1,1,1,1,1,1,1,1,1,1,1,1,1,1,1,1,1,1,1,1,1,1,1,1,1,1,1,1,-0.54488,-0.79525,-2.2502,-2.3483,-2.0067,1,1,1,1,1,1,1
1,1,1,1,1,1,1,1,1,1,1,1,1,1,1,1,1,1,1,1,1,1,1,1,1,1,1,1,1,1,1,1,1,1,1,1,1,1,1,1,1,1,1,1,1,1,1,1,1,1,1,1,1,1,1,1,1,1,1,1,1,1,1,1,1,1,1,1,1,1,1,1,1,1,1,1,1,1,1,1,1,1,1,1,1,0.88215,-1.7909,-4.2092,-4.9911,-4.9911,-4.9911,-6.449,-6.4113,-3.4389,-2.0067,1,1,1,1,1,1
1,1,1,1,1,1,1,1,1,1,1,1,1,1,1,1,1,1,1,1,1,1,1,1,1,1,1,1,1,1,1,1,1,1,1,1,1,1,1,1,1,1,1,1,1,1,1,1,1,1,1,1,1,1,1,1,1,1,1,1,1,1,1,1,1,1,1,1,1,1,1,1,1,1,1,1,1,1,1,1,1,0.15387,-0.54216,-0.69932,-2.3303,-4.5823,-5.6591,-7.485,-8.4402,-8.8572,-8.9658,-8.9658,-7.1373,-6.4113,-3.4389,-0.4391,1,1,1,1,1
1,1,1,1,1,1,1,1,1,1,1,1,1,1,1,1,1,1,1,1,1,1,1,1,1,1,1,1,1,1,1,1,1,1,1,1,1,1,1,1,1,1,1,1,1,1,1,1,1,1,1,1,1,1,1,1,1,1,1,1,1,1,1,1,1,1,1,1,1,1,1,1,1,1,1,1,1,1,0.93683,-0.31452,-2.31,-3.8668,-4.8275,-5.0023,-6.7483,-8.3262,-9.5387,-10.522,-11.581,-12.38,-12.38,-10.728,-9.7961,-7.1373,-4.6386,-1.8207,1,1,1,1,1
1,1,1,1,1,1,1,1,1,1,1,1,1,1,1,1,1,1,1,1,1,1,1,1,1,1,1,1,1,1,1,1,1,1,1,1,1,1,1,1,1,1,1,1,1,1,1,1,1,1,1,1,1,1,1,1,1,1,1,1,1,1,1,1,1,1,1,1,1,1,1,1,1,1,1,1,1,0.43813,-1.6402,-3.5549,-5.3209,-6.6165,-7.8881,-8.9383,-9.7718,-11.745,-13.451,-13.97,-14.625,-14.703,-14.539,-12.742,-10.728,-7.8274,-5.5553,-2.9071,1,1,1,1,1
1,1,1,1,1,1,1,1,1,1,1,1,1,1,1,1,1,1,1,1,1,1,1,1,1,1,1,1,1,1,1,1,1,1,1,1,1,1,1,1,1,1,1,1,1,1,1,1,1,1,1,1,1,1,1,1,1,1,1,1,1,1,1,1,1,1,1,1,1,1,1,1,1,1,1,0.88189,-0.87529,-2.9369,-4.8641,-6.8647,-8.3105,-9.415,-10.515,-11.521,-12.315,-14.384,-17.043,-18.318,-18.295,-18.295,-15.567,-14.539,-11.461,-8.6345,-6.2911,-3.8712,-0.51566,1,1,1,1
1,1,1,1,1,1,1,1,1,1,1,1,1,1,1,1,1,1,1,1,1,1,1,1,1,1,1,1,1,1,1,1,1,1,1,1,1,1,1,1,1,1,1,1,1,1,1,1,1,1,1,1,1,1,1,1,1,1,1,1,1,1,1,1,1,1,1,1,1,1,1,1,1,1,0.53677,-2.5115,-4.2883,-5.6262,-7.1303,-9.1115,-10.765,-11.806,-12.918,-14.059,-15.552,-18.318,-21.33,-21.877,-23.19,-22.148,-18.295,-15.567,-12.423,-9.4606,-6.9742,-4.5811,-1.3679,1,1,1,1
1,1,1,1,1,1,1,1,1,1,1,1,1,1,1,1,1,1,1,1,1,1,1,1,1,1,1,1,1,1,1,1,1,1,1,1,1,1,1,1,1,1,1,1,1,1,1,1,1,1,1,1,1,1,1,1,1,1,1,1,1,1,1,1,1,1,1,1,1,1,1,1,1,0.53677,-2.5115,-5.0183,-6.507,-7.7245,-9.3017,-10.994,-12.698,-14.259,-15.621,-17.818,-20.59,-22.399,-22.789,-24.851,-24.851,-24.005,-22.148,-17.154,-13.33,-10.209,-7.6636,-4.959,-1.8566,1,1,1,1
1,1,1,1,1,1,1,1,1,1,1,1,1,1,1,1,1,1,1,1,1,1,1,1,1,1,1,1,1,1,1,1,1,1,1,1,1,1,1,1,1,1,1,1,1,1,1,1,1,1,1,1,1,1,1,1,1,1,1,1,1,1,1,1,1,1,1,1,1,1,1,1,1,-1.9368,-5.0183,-6.507,-8.1012,-9.5073,-10.994,-12.738,-15.242,-17.843,-19.066,-21.487,-23.538,-24.746,-25.093,-25.238,-25.238,-24.851,-23.983,-18.951,-13.848,-11.081,-8.8559,-5.7103,-2.188,1,1,1,1
1,1,1,1,1,1,1,1,1,1,1,1,1,1,1,1,1,1,1,1,1,1,1,1,1,1,1,1,1,1,1,1,1,1,1,1,1,1,1,1,1,1,1,1,1,1,1,1,1,1,1,1,1,1,1,1,1,1,1,1,1,1,1,1,1,1,1,1,1,1,1,1,0.93313,-2.9615,-5.6714,-8.1012,-9.5073,-10.72,-12.738,-15.242,-17.843,-21.265,-23.538,-24.358,-25.055,-25.273,-25.432,-25.535,-25.437,-25.238,-24.677,-18.951,-14.422,-11.788,-9.4777,-6.2173,-2.6557,0.64703,1,1,1
1,1,1,1,1,1,1,1,1,1,1,1,1,1,1,1,1,1,1,1,1,1,1,1,1,1,1,1,1,1,1,1,1,1,1,1,1,1,1,1,1,1,1,1,1,1,1,1,1,1,1,1,1,1,1,1,1,1,1,1,1,1,1,1,1,1,1,1,1,1,1,1,0.68569,-2.9615,-5.6714,-8.1012,-9.7563,-11.797,-13.534,-16.84,-21.265,-24.062,-24.91,-25.252,-25.486,-25.715,-25.817,-25.817,-25.554,-25.437,-24.683,-18.828,-14.671,-12.101,-9.8105,-6.7178,-3.3035,0.37986,1,1,1
1,1,1,1,1,1,1,1,1,1,1,1,1,1,1,1,1,1,1,1,1,1,1,1,1,1,1,1,1,1,1,1,1,1,1,1,1,1,1,1,1,1,1,1,1,1,1,0.94681,0.94681,1,1,1,1,1,1,1,1,1,1,1,1,1,1,1,1,1,1,1,1,1,1,1,0.68569,-2.9447,-4.3834,-6.8866,-9.7563,-11.797,-13.534,-16.84,-23.061,-24.831,-25.252,-25.787,-25.974,-26,-26,-26,-25.902,-25.554,-24.677,-18.828,-15.053,-12.399,-10.114,-7.4045,-4.2693,-0.10969,1,1,1
1,1,1,1,1,1,1,1,1,1,1,1,1,1,1,1,1,1,1,1,1,1,1,1,1,1,1,1,1,1,1,1,1,1,1,1,1,1,1,1,1,1,1,1,-0.21587,-0.32919,-0.32919,-0.017575,0.24711,0.78095,1,1,1,1,1,1,1,1,1,1,1,1,1,1,1,1,1,1,1,1,1,1,0.85755,-1.6016,-2.9447,-4.3834,-7.2226,-9.8609,-12.669,-16.255,-23.061,-24.831,-25.753,-25.974,-26,-26,-26,-26,-26,-25.648,-24.683,-18.998,-15.433,-12.676,-10.334,-7.7255,-4.2769,-0.33049,1,1,1
1,1,1,1,1,1,1,1,1,1,1,1,1,1,1,1,1,1,1,1,1,1,1,1,1,1,1,1,1,1,1,1,1,1,1,1,1,1,1,1,1,0.6045,-0.85871,-2.4705,-2.673,-2.7213,-2.7213,-2.2532,-1.8798,-1.3477,0.14684,0.82383,0.9219,1,1,1,1,1,1,1,1,1,1,1,1,1,1,1,0.61373,0.45165,0.45165,0.85755,0.45604,0.077175,-1.6016,-2.2104,-4.3834,-7.8133,-10.96,-15.109,-20.416,-24.62,-25.753,-26,-26,-26,-26,-26,-26,-25.67,-24.607,-20.266,-15.631,-12.866,-10.533,-7.9081,-4.2769,-0.51589,1,1,1
1,1,1,1,1,1,1,1,1,1,1,1,1,1,1,1,1,1,1,1,1,1,1,1,1,1,1,1,1,1,1,1,1,1,1,1,1,1,1,-0.32447,-0.96654,-2.97,-4.2153,-5.0226,-5.2407,-5.3487,-5.3487,-4.7111,-4.1048,-3.6582,-2.5009,-0.99316,-0.10725,0.31068,0.31068,0.31068,0.3275,1,1,1,1,1,1,1,1,1,1,0.61373,-0.3627,-2.4327,-2.3366,-0.89147,-0.18129,-0.18129,-1.5124,-1.8425,-3.2144,-6.3193,-9.4063,-13.346,-19.744,-24.529,-25.548,-25.994,-26,-26,-26,-26,-26,-25.687,-24.82,-21.823,-15.861,-13.038,-10.723,-7.9722,-4.2634,-1.1068,1,1,1
1,1,1,1,1,1,1,1,1,1,1,1,1,1,1,1,1,1,1,1,1,1,1,1,1,1,1,1,1,1,1,1,1,1,1,1,0.15914,-0.90405,-1.9946,-2.9355,-4.3854,-5.5556,-6.5969,-7.5459,-7.9458,-8.0202,-8.0202,-7.0768,-6.3164,-5.8432,-5.0656,-3.9424,-2.8592,-1.8488,-1.7691,-1.7691,-1.7691,-1.0722,0.39076,0.84155,1,1,1,1,1,1,1,0.33035,-2.4327,-2.9842,-3.9491,-3.3692,-2.4686,-2.4305,-2.4104,-2.4104,-4.9587,-6.3193,-9.0519,-12.135,-17.294,-23.007,-25.26,-25.939,-26,-26,-26,-26,-26,-25.698,-24.82,-22.62,-16.566,-13.191,-10.97,-8.3275,-4.2634,-1.3145,1,1,1
1,1,1,1,1,1,1,1,1,1,1,1,1,1,1,1,1,1,1,1,1,1,1,1,1,1,1,1,1,1,1,1,1,0.5698,-0.35993,-1.4192,-2.3175,-3.2358,-4.3068,-5.3452,-6.4734,-7.6056,-8.6434,-9.625,-10.113,-10.113,-9.8963,-9.2281,-8.5695,-7.8305,-7.0568,-6.1411,-5.2041,-4.4164,-3.6674,-3.6674,-3.7341,-3.7341,-2.5212,-0.94864,-0.50442,-0.50442,-0.52002,-0.52002,0.30591,1,0.90847,-1.2229,-2.6757,-4,-4.5641,-4.6837,-4.6837,-4.6181,-4.6181,-4.9587,-6.0069,-6.5531,-9.0519,-11.693,-15.01,-21.592,-25.044,-25.921,-26,-26,-26,-26,-26,-25.696,-24.82,-22.62,-17.293,-13.191,-10.97,-8.6194,-4.3905,-1.3688,1,1,1
1,1,1,1,1,1,1,1,1,1,1,1,1,1,1,1,1,1,1,1,1,1,1,1,1,1,1,1,1,1,1,-0.54237,-1.7678,-2.1811,-3.1421,-4.1372,-4.7742,-5.4968,-6.4916,-7.5064,-8.5929,-9.6071,-10.565,-11.369,-11.823,-11.823,-11.425,-10.826,-10.367,-9.8353,-9.0486,-8.1363,-7.1587,-6.3566,-5.715,-5.4493,-5.4493,-5.4493,-5.3327,-3.7179,-3.7179,-3.5873,-3.5873,-3.1882,-2.4706,-2.0803,-2.0803,-2.5528,-4.2539,-4.973,-5.9075,-6.0872,-6.3258,-6.3258,-6.3132,-6.3132,-6.5531,-7.7827,-9.3836,-11.636,-14.076,-19.449,-24.878,-25.871,-26,-26,-26,-26,-26,-25.696,-24.851,-22.62,-17.735,-13.072,-11.031,-8.8637,-4.6133,-1.4752,1,1,1
1,1,1,1,1,1,1,1,1,1,1,1,1,1,1,1,1,1,1,1,1,1,1,1,1,1,1,1,1,1,-0.54237,-2.3671,-4.3323,-5.2597,-6.0395,-6.2392,-6.8422,-7.6723,-8.6577,-9.6722,-10.727,-11.525,-12.461,-13.02,-13.478,-13.478,-12.968,-12.434,-12.151,-11.912,-11.044,-9.9943,-9.1191,-8.3142,-8.2539,-7.5698,-7.2717,-7.2045,-7.2045,-6.6583,-6.0351,-5.8524,-5.5981,-5.512,-5.3909,-5.2216,-5.2216,-5.2505,-5.3348,-5.9883,-7.2518,-7.5712,-7.9394,-7.9394,-7.6852,-7.6852,-7.7827,-9.339,-10.151,-11.636,-13.552,-19.31,-24.695,-25.87,-26,-26,-26,-26,-26,-25.644,-24.964,-21.353,-17.735,-12.96,-10.999,-8.9617,-4.875,-1.6553,1,1,1
1,1,1,1,1,1,1,1,1,1,1,1,1,1,1,1,1,1,1,1,1,1,1,1,1,1,1,1,1,0.57309,-2.3671,-4.3323,-6.4251,-7.8703,-8.1018,-8.3699,-8.7969,-9.8193,-10.743,-11.838,-12.796,-13.507,-14.083,-14.41,-14.65,-14.65,-14.385,-13.953,-13.826,-13.724,-12.837,-11.737,-10.891,-10.826,-10.819,-9.938,-9.1601,-9.1057,-9.0897,-8.9766,-8.4181,-7.6955,-7.4318,-7.4268,-7.3706,-7.2362,-7.1871,-7.1647,-7.1871,-7.703,-8.4317,-9.2506,-9.835,-9.835,-9.5066,-9.3865,-9.3865,-10.151,-11.636,-12.373,-13.552,-17.337,-23.681,-25.87,-26,-26,-26,-26,-25.996,-25.595,-24.964,-23.128,-16.985,-12.874,-10.999,-8.9617,-4.875,-1.8891,0.79274,1,1
1,1,1,1,1,1,1,1,1,1,1,1,1,1,1,1,1,1,1,1,1,1,1,1,1,1,1,1,1,-1.0062,-3.9804,-6.4251,-9.0086,-10.23,-10.23,-10.23,-10.952,-12.019,-12.712,-13.772,-14.486,-14.948,-15.202,-15.417,-15.657,-15.657,-15.455,-15.12,-15.043,-15.01,-14.379,-13.582,-13.582,-13.522,-13.122,-12.084,-12.084,-12.08,-11.856,-10.917,-10.568,-9.6875,-9.4242,-9.4242,-9.4687,-9.4687,-9.3342,-9.1177,-9.1177,-9.7984,-10.953,-11.829,-12.635,-12.635,-12.499,-12.277,-12.277,-12.373,-12.492,-13.552,-14,-17.113,-23.681,-25.88,-26,-26,-26,-26,-25.969,-25.479,-24.93,-22.471,-16.394,-12.874,-10.306,-7.8266,-4.8216,-2.0987,0.79274,1,1
1,1,1,1,1,1,1,1,1,1,1,1,1,1,1,1,1,1,1,1,1,1,1,1,1,1,1,1,0.0023267,-2.4832,-6.3527,-9.0086,-11.69,-11.921,-11.94,-11.946,-12.984,-14.061,-14.524,-14.974,-15.673,-16.162,-16.341,-16.424,-16.682,-16.682,-16.523,-16.226,-16.135,-16.084,-15.566,-15.293,-15.181,-15.131,-14.669,-14.669,-14.856,-14.856,-13.518,-12.782,-12.644,-12.072,-11.763,-11.763,-12.121,-12.4,-12.489,-12.691,-12.754,-13.041,-13.738,-14.383,-14.909,-14.959,-14.959,-14.737,-14.737,-14.572,-14.409,-14.22,-16.134,-17.337,-23.901,-25.88,-26,-26,-26,-26,-25.81,-25.398,-24.858,-22.471,-16.341,-12.719,-9.8567,-7.1182,-4.7426,-2.0987,0.80901,1,1
1,1,1,1,1,1,1,1,1,1,1,1,1,1,1,1,1,1,1,1,1,1,1,1,1,1,1,1,-1.9564,-4.2267,-8.7817,-11.69,-12.89,-13.596,-13.596,-13.849,-14.553,-15.244,-15.768,-16.198,-16.791,-17.376,-17.481,-17.484,-17.699,-17.699,-17.595,-17.336,-17.221,-17.146,-17.146,-16.733,-16.546,-16.471,-16.471,-16.894,-17.694,-17.694,-15.92,-14.685,-14.605,-14.431,-14.431,-14.494,-14.77,-14.787,-15.041,-15.111,-15.304,-15.632,-15.824,-16.202,-16.667,-16.709,-16.709,-16.524,-16.524,-17.312,-17.312,-16.35,-17.113,-20.043,-23.964,-25.836,-25.982,-26,-26,-25.83,-25.683,-25.298,-24.674,-21.858,-15.314,-11.997,-8.7132,-6.2287,-3.9988,-1.619,0.81651,1,1
1,1,1,1,1,1,1,1,1,1,1,1,1,1,1,1,1,1,1,1,1,1,1,1,1,1,1,-0.70035,-3.8411,-6.4946,-10.204,-12.89,-13.923,-14.625,-14.802,-14.989,-15.65,-16.367,-16.974,-17.459,-18.015,-18.576,-18.621,-18.621,-18.682,-18.749,-18.749,-18.446,-18.299,-18.207,-18.207,-19.211,-19.211,-17.752,-17.752,-19.008,-20.316,-18.909,-18.177,-16.461,-16.461,-16.439,-16.987,-17.532,-17.532,-17.595,-17.367,-17.367,-17.367,-17.571,-17.813,-18,-18.41,-18.41,-18.386,-18.386,-19.187,-19.187,-18.801,-18.801,-20.043,-22.745,-23.964,-25.701,-25.836,-25.932,-25.83,-25.683,-25.499,-25.157,-24.34,-19.974,-14.233,-10.782,-7.3335,-4.5359,-2.4204,-0.049524,1,1,1
1,1,1,1,1,1,1,1,1,1,1,1,1,1,1,1,1,1,0.93323,1,1,1,1,1,1,1,-0.30974,-2.7042,-5.8644,-8.8209,-11.482,-13.916,-14.653,-15.555,-15.868,-16.041,-16.701,-17.452,-18.182,-18.719,-19.224,-19.664,-19.714,-19.714,-20.073,-20.399,-20.508,-20.836,-20.846,-20.921,-21.206,-21.697,-21.57,-20.191,-20.191,-21.052,-22.769,-20.95,-20.328,-18.484,-18.484,-18.484,-19.878,-20.2,-20.2,-20.08,-20.08,-20.08,-20.171,-20.171,-21.092,-21.437,-21.861,-22.245,-22.245,-21.546,-21.546,-21.546,-21.196,-21.196,-22.576,-23.964,-24.403,-25.455,-25.701,-25.754,-25.648,-25.499,-25.316,-24.905,-23.261,-18.406,-13.227,-9.4933,-5.8072,-2.6833,-0.59275,0.94527,1,1,1
1,1,1,1,1,1,1,1,1,1,1,1,1,1,1,1,1,0.91577,-0.24778,-0.67634,0.025314,0.37411,0.58621,0.82041,0.82041,-0.30974,-2.5124,-4.5268,-7.3232,-10.071,-12.688,-14.653,-15.555,-16.446,-16.843,-17.102,-17.74,-18.487,-19.172,-19.752,-20.245,-20.688,-20.782,-20.783,-21.37,-22.32,-23.001,-23.001,-23.001,-24.195,-24.326,-23.79,-23.428,-23.392,-23.392,-24.08,-24.222,-23.298,-22.771,-22.288,-22.649,-22.288,-22.649,-22.742,-22.742,-22.398,-22.398,-22.398,-23.543,-23.888,-24.236,-24.285,-24.319,-24.449,-24.449,-23.794,-23.068,-23.068,-23.038,-23.251,-24.319,-24.646,-25,-25.153,-25.455,-25.544,-25.459,-25.316,-25.128,-24.311,-21.419,-16.945,-12.117,-7.9869,-4.1164,-1.2125,0.86927,1,1,1,1
1,1,1,1,1,1,1,1,1,1,1,1,1,1,1,1,0.95316,-0.24778,-0.96691,-2.3204,-2.3204,-1.8776,-1.5093,-1.4231,-1.4231,-2.5124,-4.5268,-6.504,-8.7277,-11.224,-13.835,-15.321,-16.446,-17.317,-17.777,-18.154,-18.776,-19.375,-19.916,-20.596,-21.26,-21.712,-21.847,-21.86,-22.667,-23.876,-24.305,-24.305,-24.366,-24.78,-24.797,-24.797,-24.353,-23.79,-24.264,-24.669,-24.669,-24.648,-24.512,-24.433,-24.433,-24.403,-24.403,-24.465,-24.465,-24.442,-24.442,-24.699,-24.781,-24.805,-24.832,-24.854,-24.934,-25.088,-25.088,-25.039,-25,-25,-25,-25,-25,-25,-25,-25,-25.223,-25.28,-25.28,-25.128,-24.812,-22.946,-19.477,-14.852,-10.323,-5.9445,-2.581,0.24223,1,1,1,1,1
1,1,1,1,1,1,1,1,1,1,1,1,1,1,1,1,0.54874,-0.96691,-2.466,-3.2955,-4.235,-4.235,-4.169,-4.169,-4.4221,-4.9327,-6.504,-8.7018,-10.56,-13.052,-14.919,-16.084,-17.317,-18.222,-18.667,-19.098,-19.579,-20.114,-20.66,-21.285,-21.962,-22.736,-22.898,-23.143,-23.896,-24.437,-24.827,-24.971,-25.119,-25.246,-25.246,-25.235,-25.181,-25.181,-25.263,-25.263,-25.174,-25.121,-25.032,-25.032,-25.032,-25.032,-25.026,-25.026,-25.122,-25.221,-25.282,-25.34,-25.45,-25.543,-25.548,-25.565,-25.578,-25.578,-25.485,-25.205,-25.039,-25,-25,-25,-25,-25,-25,-25,-25.005,-25.105,-25.105,-24.812,-23.789,-20.636,-17.178,-12.209,-7.8212,-4.1861,-1.2383,1,1,1,1,1,1
1,1,1,1,1,1,1,1,1,1,1,1,1,1,1,1,-0.23855,-1.8132,-3.2955,-4.5215,-6.1163,-6.2213,-6.5029,-6.8904,-6.9059,-7.0682,-8.7018,-10.56,-12.797,-14.538,-16.039,-17.156,-18.227,-19.1,-19.489,-19.876,-20.313,-20.844,-21.403,-22.134,-22.736,-23.533,-23.894,-24.194,-24.553,-24.911,-25.3,-25.439,-25.593,-25.714,-25.729,-25.729,-25.729,-25.759,-25.853,-25.853,-25.819,-25.738,-25.676,-25.676,-25.727,-25.727,-25.733,-25.733,-25.836,-25.936,-25.962,-25.999,-26,-26,-26,-26,-25.987,-25.784,-25.66,-25.485,-25.205,-25,-25,-25,-25,-25,-25,-25,-25,-25,-24.756,-23.789,-20.636,-17.887,-15.261,-9.7863,-6.4533,-3.594,-0.26407,1,1,1,1,1,1
1,1,1,1,1,1,1,1,1,1,1,1,1,1,1,0.98314,-0.71481,-2.7497,-4.5215,-6.1968,-7.9396,-8.4708,-9.0812,-9.3117,-9.3117,-9.3117,-10.955,-12.797,-14.476,-15.654,-17.152,-18.272,-19.201,-19.813,-20.27,-20.656,-21.064,-21.568,-22.134,-22.857,-23.533,-24.098,-24.397,-24.643,-25.047,-25.385,-25.75,-25.902,-26.04,-26.135,-26.172,-26.175,-26.178,-26.22,-26.297,-26.298,-26.297,-26.266,-26.22,-26.22,-26.239,-26.239,-26.195,-26.195,-26.167,-26.013,-26,-26,-26,-26,-26,-26,-26,-25.963,-25.784,-25.505,-25.226,-25.003,-25,-25,-25,-25,-25,-25,-25,-24.096,-21.901,-20.16,-17.887,-15.658,-12.846,-8.0888,-5.2969,-2.3765,0.68294,1,1,1,1,1,1
1,1,1,1,1,1,1,1,1,1,1,1,1,1,1,0.98314,-0.71481,-2.7497,-6.1968,-7.9396,-9.8441,-11.25,-11.872,-11.872,-11.551,-11.551,-13.27,-14.476,-15.506,-16.75,-18.272,-19.201,-19.881,-20.499,-21.033,-21.437,-21.822,-22.294,-22.857,-23.533,-24.098,-24.418,-24.698,-25.047,-25.528,-25.891,-26.173,-26.299,-26.395,-26.495,-26.536,-26.547,-26.556,-26.602,-26.677,-26.677,-26.677,-26.661,-26.649,-26.627,-26.625,-26.601,-26.508,-26.424,-26.288,-26.196,-26.013,-26,-26,-26,-26,-26,-26,-25.963,-25.784,-25.526,-25.246,-25.013,-25,-25,-25,-25,-25,-24.958,-24.096,-21.209,-18.477,-17.07,-15.658,-13.474,-10.215,-6.9181,-4.1556,-1.1611,0.97049,1,1,1,1,1,1
1,1,1,1,1,1,1,1,1,1,1,1,1,1,1,1,-0.063986,-2.556,-6.6116,-9.8441,-11.25,-12.006,-13.665,-13.719,-13.719,-13.726,-14.703,-15.506,-16.526,-17.825,-19.162,-19.881,-20.499,-21.17,-21.743,-22.218,-22.603,-23.029,-23.58,-24.098,-24.482,-24.721,-25.047,-25.528,-25.988,-26.304,-26.548,-26.681,-26.766,-26.849,-26.891,-26.915,-26.921,-26.94,-26.962,-26.962,-26.962,-26.964,-26.964,-26.953,-26.943,-26.916,-26.826,-26.63,-26.424,-26.288,-26.055,-26,-26,-26,-26,-26,-25.975,-25.845,-25.703,-25.526,-25.267,-25.028,-25,-25,-25,-24.953,-24.166,-23.426,-20.989,-18.167,-16.417,-15.071,-13.474,-11.156,-8.7441,-6.2896,-3.9318,-1.1611,0.68972,1,1,1,1,1,1
1,1,1,1,1,1,1,1,1,1,1,1,1,1,1,1,0.74331,-2.556,-7.6551,-10.325,-12.006,-13.665,-13.887,-14.015,-14.221,-14.748,-15.506,-16.476,-17.5,-18.853,-19.706,-20.471,-21.17,-21.754,-22.432,-22.958,-23.385,-23.766,-24.184,-24.534,-24.898,-25.063,-25.528,-25.988,-26.304,-26.681,-26.903,-27,-27,-27,-27,-27,-27,-27,-27,-27,-27,-27,-27,-27,-27,-27,-26.944,-26.826,-26.63,-26.38,-26.131,-26.002,-26,-26,-26,-25.98,-25.845,-25.703,-25.565,-25.46,-25.267,-25.038,-25,-25,-24.868,-23.691,-20.953,-19.451,-17.5,-15.438,-14.321,-12.886,-11.156,-8.7441,-7.6599,-5.4802,-4.1052,-2.7666,-0.27109,0.44223,-0.82778,-1.1279,0.86302,1,1
1,1,1,1,1,1,1,1,1,1,1,1,1,1,1,1,0.82582,-3.0563,-8.2448,-10.578,-12.364,-13.887,-14.167,-14.542,-14.951,-15.681,-16.476,-17.353,-18.427,-19.472,-20.227,-20.986,-21.754,-22.432,-23.033,-23.653,-24.052,-24.258,-24.602,-24.957,-25.249,-25.562,-25.905,-26.298,-26.681,-26.903,-27,-27,-27,-27,-27,-27,-27,-27,-27,-27,-27,-27,-27,-27,-27,-27,-27,-26.89,-26.704,-26.473,-26.223,-26.024,-26,-26,-25.984,-25.845,-25.696,-25.565,-25.46,-25.31,-25.208,-25.038,-24.982,-24.491,-23.691,-20.532,-17.665,-15.947,-14.464,-13.142,-11.683,-10.045,-8.7013,-7.6599,-5.8409,-5.2175,-4.3148,-4.1052,-4.1052,-4.4036,-6.1384,-4.6021,-1.6878,0.86302,1
1,1,1,1,1,1,1,1,1,1,1,1,1,1,1,1,0.82582,-3.3365,-8.2535,-10.614,-12.472,-14.167,-14.542,-15.272,-15.681,-16.411,-17.164,-18.248,-19.234,-19.993,-20.748,-21.504,-22.278,-23.033,-23.653,-24.14,-24.411,-24.634,-24.987,-25.259,-25.562,-25.895,-26.183,-26.499,-26.891,-27,-27,-27,-27,-27,-27,-27,-27,-27,-27,-27,-27,-27,-27,-27,-27,-27,-27,-26.89,-26.704,-26.473,-26.269,-26.066,-26,-25.984,-25.819,-25.68,-25.532,-25.413,-25.31,-25.208,-25.055,-24.939,-24.425,-22.4,-20.551,-17.589,-15.788,-14.045,-12.459,-10.579,-8.8915,-7.749,-6.7461,-5.8409,-4.3148,-4.7417,-4.7417,-5.6742,-6.3705,-7.7987,-8.7036,-6.3083,-4.6021,0.21401,1
1,1,1,1,1,1,1,1,1,1,1,1,1,1,1,1,0.82582,-3.3365,-8.2535,-10.625,-12.893,-14.465,-15.272,-15.681,-16.411,-17.093,-17.854,-18.919,-19.724,-20.522,-21.27,-22.024,-22.788,-23.567,-24.14,-24.411,-24.708,-24.995,-25.259,-25.534,-25.847,-26.133,-26.397,-26.661,-26.995,-27,-27,-27,-27,-27,-27,-27,-27,-27,-27,-27,-27,-27,-27,-27,-27,-27,-26.917,-26.761,-26.602,-26.424,-26.269,-26.066,-25.981,-25.798,-25.659,-25.499,-25.356,-25.259,-25.151,-25.055,-24.857,-24.367,-22.4,-20.532,-17.589,-15.746,-14.045,-12.288,-10.579,-8.8864,-6.7591,-5.7463,-4.846,-4.0898,-3.3509,-3.8488,-4.7417,-6.3705,-7.3836,-7.7987,-8.7285,-8.7036,-4.9485,-0.3625,1
1,1,1,1,1,1,1,1,1,1,1,1,1,1,1,1,0.82582,-3.3365,-8.2535,-11.129,-13.43,-14.696,-15.575,-16.411,-16.819,-17.565,-18.524,-19.451,-20.216,-20.983,-21.811,-22.552,-23.303,-24.006,-24.374,-24.708,-24.995,-25.24,-25.513,-25.796,-26.055,-26.249,-26.517,-26.816,-27,-27,-27,-27,-27,-27,-27,-27,-27,-27,-27,-27,-27,-27,-27,-27,-27,-26.953,-26.766,-26.608,-26.443,-26.313,-26.143,-25.981,-25.764,-25.557,-25.471,-25.333,-25.179,-25.087,-24.937,-24.67,-24.292,-22.007,-20.551,-18.152,-15.71,-13.922,-12.358,-10.668,-8.8864,-6.7591,-4.752,-3.9366,-3.5511,-3.1255,-2.3067,-2.6916,-4.7417,-6.9735,-7.3836,-7.0561,-7.7987,-7.6166,-4.9485,-0.3625,1
1,1,1,1,1,1,1,1,1,1,1,1,1,1,1,1,0.50644,-4.0832,-8.6331,-11.628,-13.862,-14.999,-15.914,-16.736,-17.549,-18.262,-19.118,-19.95,-20.708,-21.473,-22.277,-23.11,-23.842,-24.233,-24.579,-24.924,-25.205,-25.467,-25.717,-25.984,-26.172,-26.376,-26.592,-26.877,-27,-27,-27,-27,-27,-27,-27,-27,-27,-27,-27,-27,-27,-27,-27,-27,-26.997,-26.81,-26.612,-26.466,-26.313,-26.169,-26.008,-25.764,-25.546,-25.325,-25.245,-25.132,-24.962,-24.711,-24.423,-24.128,-21.931,-20.037,-18.152,-15.409,-13.922,-12.288,-10.668,-8.9344,-7.0563,-4.752,-3.7062,-3.118,-2.763,-2.2561,-1.3598,-1.832,-5.4786,-6.1427,-5.4786,-6.4683,-7.1991,-7.1991,-4.3507,-0.21209,1
1,1,1,1,1,1,1,1,1,1,1,1,1,1,1,0.86924,-1.6795,-6.0365,-9.4018,-12.076,-14.233,-15.262,-16.291,-17.172,-17.982,-18.782,-19.597,-20.422,-21.235,-21.974,-22.733,-23.589,-24.119,-24.364,-24.727,-25.083,-25.354,-25.625,-25.898,-26.11,-26.284,-26.465,-26.69,-26.938,-27,-27,-27,-27,-27,-27,-27,-27,-27,-27,-27,-27,-27,-27,-27,-27,-26.884,-26.675,-26.466,-26.334,-26.169,-26.008,-25.813,-25.546,-25.325,-25.092,-25,-24.821,-24.486,-23.869,-22.524,-20.062,-17.475,-16.723,-14.986,-13.576,-12.083,-10.524,-8.9344,-7.0563,-5.3409,-3.7062,-3.0437,-2.4573,-1.9809,-1.3594,-1.3594,-1.832,-5.4786,-5.4786,-4.8677,-5.1607,-7.0561,-7.0561,-3.3814,1,1
1,1,1,1,1,1,1,1,1,1,1,1,1,1,0.86924,-0.80152,-4.0908,-7.5905,-10.496,-12.999,-14.59,-15.601,-16.557,-17.551,-18.458,-19.267,-20.062,-20.864,-21.713,-22.524,-23.249,-23.998,-24.263,-24.515,-24.817,-25.213,-25.508,-25.764,-26.018,-26.187,-26.359,-26.553,-26.76,-26.987,-27,-27,-27,-27,-27,-27,-27,-27,-27,-27,-27,-27,-27,-27,-27,-26.916,-26.766,-26.583,-26.351,-26.169,-26.032,-25.813,-25.571,-25.329,-25.092,-24.782,-24.649,-24.346,-23.34,-19.87,-18.372,-17.127,-14.768,-13.523,-12.575,-11.611,-10.225,-8.4977,-6.5836,-5.3409,-3.6024,-3.0437,-2.4285,-1.7486,-1.238,-1,-1,-2.6192,-4.6829,-4.6829,-4.5539,-5.4137,-7.1991,-5.9551,-2.4235,1,1
1,1,1,1,1,1,1,1,1,1,1,1,0.86555,0.49554,-0.80152,-2.8979,-5.4735,-8.9261,-11.578,-13.924,-15.026,-16.026,-17.043,-17.999,-18.934,-19.762,-20.591,-21.293,-22.134,-22.992,-23.794,-24.15,-24.389,-24.651,-24.923,-25.322,-25.681,-25.92,-26.061,-26.248,-26.434,-26.601,-26.794,-27,-27,-27,-27,-27,-27,-27,-27,-27,-27,-27,-27,-27,-27,-27,-26.969,-26.809,-26.646,-26.488,-26.274,-26.032,-25.835,-25.571,-25.329,-25.089,-24.782,-24.46,-24.273,-23.074,-19.215,-17.642,-16.426,-14.768,-12.746,-11.724,-10.722,-9.6157,-7.8999,-5.7708,-4.3327,-3.5798,-3.0437,-2.2638,-1.628,-1.0938,-1,-1,-1,-3.6156,-4.6829,-6.9976,-5.4137,-7.6271,-5.9551,-4.4529,-1.03,1,1
1,1,1,1,1,1,1,1,1,1,0.87588,-0.084912,-1.1833,-1.9536,-2.8979,-4.845,-7.017,-10.144,-12.678,-14.472,-15.462,-16.453,-17.459,-18.486,-19.445,-20.264,-21.085,-21.807,-22.542,-23.401,-24.032,-24.301,-24.518,-24.772,-25.051,-25.446,-25.837,-26,-26.061,-26.248,-26.434,-26.601,-26.794,-26.993,-27,-27,-27,-27,-27,-27,-27,-27,-27,-27,-27,-27,-27,-26.969,-26.845,-26.698,-26.539,-26.375,-26.201,-25.938,-25.571,-25.355,-25.089,-24.81,-24.46,-24.15,-22.641,-19.131,-17.372,-16.061,-14.536,-12.746,-10.497,-9.4162,-8.5345,-6.7395,-4.7815,-3.7706,-3.3122,-2.8169,-2.1873,-1.5969,-1.0421,-1,-1,-1,-1.0363,-3.7023,-6.9976,-7.2377,-6.9976,-5.5109,-4.806,-2.8423,0.52086,1,1
1,1,1,1,1,1,1,1,1,0.096056,-2.1159,-3.4856,-3.8742,-4.419,-4.845,-7.017,-8.7583,-11.213,-13.615,-14.874,-15.883,-16.881,-17.882,-18.897,-19.844,-20.75,-21.583,-22.384,-22.985,-23.806,-24.096,-24.373,-24.644,-24.894,-25.228,-25.615,-25.978,-26,-26.024,-26.181,-26.373,-26.564,-26.755,-26.839,-26.978,-26.965,-26.954,-26.943,-26.933,-26.933,-26.931,-26.935,-26.971,-26.998,-26.998,-26.983,-26.966,-26.845,-26.704,-26.561,-26.418,-26.269,-26.101,-25.807,-25.406,-25.089,-24.813,-24.535,-24.15,-22.551,-19.131,-17.271,-15.814,-14.536,-12.345,-10.415,-8.4768,-6.8734,-5.6824,-4.0024,-3.4872,-3.0622,-2.5665,-2.1126,-1.4723,-1.0201,-1,-1,-1,-1,-1,-3.2322,-4.373,-6.9976,-5.1705,-4.806,-2.8423,-0.94923,1,1,1
1,1,1,1,1,1,1,1,0.096056,-2.1159,-3.5581,-4.8949,-5.338,-6.1887,-7.1405,-8.5983,-10.141,-12.183,-14.233,-15.246,-16.259,-17.261,-18.249,-19.253,-20.22,-21.159,-22.063,-22.904,-23.555,-24.039,-24.219,-24.433,-24.714,-25.005,-25.398,-25.791,-26,-26,-26,-26.115,-26.306,-26.497,-26.595,-26.755,-26.804,-26.71,-26.679,-26.646,-26.616,-26.616,-26.653,-26.656,-26.774,-26.811,-26.811,-26.783,-26.742,-26.704,-26.561,-26.426,-26.275,-26.15,-25.977,-25.577,-25.172,-24.813,-24.569,-24.283,-22.551,-19.069,-17.266,-15.732,-14.27,-12.654,-10.393,-8.4649,-6.8734,-5.6824,-3.9266,-3.3217,-2.8068,-2.3817,-1.8837,-1.3906,-1,-1,-1,-1,-1,-1,-1,-0.83305,-2.8253,-2.8253,-1.7639,-1.3176,-0.94923,0.82188,1,1,1
1,1,1,1,1,1,1,0.84216,-1.3152,-3.5581,-4.8949,-5.582,-6.5523,-7.3711,-8.5487,-9.8683,-11.342,-13.296,-14.549,-15.447,-16.434,-17.421,-18.408,-19.432,-20.495,-21.503,-22.469,-23.367,-24.038,-24.201,-24.372,-24.554,-24.78,-25.091,-25.524,-25.926,-26,-26,-26,-26.06,-26.239,-26.331,-26.497,-26.551,-26.509,-26.404,-26.35,-26.315,-26.315,-26.326,-26.366,-26.366,-26.447,-26.488,-26.502,-26.502,-26.502,-26.491,-26.418,-26.275,-26.15,-25.997,-25.671,-25.288,-24.917,-24.578,-24.291,-23.824,-19.069,-17.266,-15.732,-14.097,-12.545,-10.393,-8.4649,-7.0986,-5.6853,-3.9266,-3.3217,-2.8043,-2.2508,-1.6994,-1.2211,-1,-1,-1,-1,-1,-1,-1,-0.78355,-0.53766,0.45567,0.91762,0.91762,0.82188,0.82188,1,1,1,1
1,1,1,1,1,1,1,-0.28955,-2.5537,-4.443,-5.582,-6.5523,-7.3711,-8.5487,-9.7175,-10.87,-12.548,-14.151,-14.926,-15.71,-16.579,-17.566,-18.553,-19.591,-20.669,-21.744,-22.767,-23.766,-24.16,-24.363,-24.532,-24.707,-24.894,-25.189,-25.631,-25.99,-26,-26,-26,-26.005,-26.068,-26.239,-26.307,-26.258,-26.207,-26.107,-26.012,-25.748,-25.748,-26.041,-26.081,-26.086,-26.117,-26.164,-26.206,-26.219,-26.245,-26.245,-26.217,-26.142,-25.997,-25.671,-25.318,-24.963,-24.712,-24.35,-23.937,-19.799,-17.476,-15.77,-14.097,-12.654,-11.051,-8.9343,-7.3849,-5.9172,-4.5821,-3.4069,-2.8043,-2.2212,-1.6994,-1.1633,-1,-1,-1,-1,-1,-1,-1,-1,-0.53766,0.45567,1,1,1,1,1,1,1,1,1
1,1,1,1,1,1,0.6129,-1.5109,-3.757,-5.059,-6.2248,-7.347,-8.4871,-9.6171,-10.803,-11.942,-13.462,-14.295,-15.218,-16.08,-16.873,-17.745,-18.698,-19.749,-20.827,-21.906,-22.979,-23.971,-24.228,-24.453,-24.667,-24.862,-25.077,-25.37,-25.721,-25.98,-26,-26,-26,-26,-26,-25.976,-25.865,-25.623,-25.418,-24.414,-23.508,-22.731,-22.731,-23.463,-23.956,-23.968,-24.056,-24.641,-25.195,-25.551,-25.769,-25.979,-25.979,-25.906,-25.658,-25.319,-24.996,-24.757,-24.523,-24.17,-20.301,-17.65,-15.974,-14.327,-12.831,-11.39,-9.6933,-8.0744,-6.5257,-4.9913,-3.7713,-2.9443,-2.2508,-1.6753,-1.1437,-1,-1,-1,-1,-1,-1,-1,-1,-0.97305,-0.04569,0.91821,1,1,1,1,1,1,1,1,1
1,1,1,1,1,0.71119,-0.74437,-2.7858,-4.5205,-5.677,-6.8611,-7.9968,-8.9394,-10.191,-11.558,-12.914,-14,-14.295,-15.218,-16.08,-16.926,-17.82,-18.698,-19.781,-20.85,-21.919,-22.979,-23.988,-24.292,-24.518,-24.743,-24.97,-25.254,-25.552,-25.796,-25.944,-26,-26,-26,-26,-25.976,-25.358,-24.648,-23.887,-23.52,-22.068,-21.002,-19.847,-19.847,-20.594,-21.029,-21.029,-21.03,-22.134,-22.834,-24.056,-24.895,-25.712,-25.712,-25.619,-25.358,-25.027,-24.783,-24.552,-24.322,-23.107,-18.259,-16.309,-14.404,-13.033,-11.657,-10.172,-8.6238,-7.0527,-5.6489,-4.156,-3.2924,-2.445,-1.7185,-1.1633,-1,-1,-1,-1,-1,-1,-1,-1,-1,-0.97305,-0.04569,0.91821,1,1,1,1,1,1,1,1,1
1,1,1,1,0.76407,-0.68691,-2.2514,-4.0105,-5.1713,-6.3385,-7.4959,-8.6455,-9,-10.286,-11.725,-13.106,-14,-14.157,-15.08,-16.003,-16.926,-17.82,-18.557,-19.781,-20.85,-21.919,-22.966,-23.988,-24.292,-24.587,-24.819,-25.059,-25.344,-25.552,-25.78,-25.837,-25.97,-26,-26,-26,-25.358,-24.648,-23.887,-22.934,-21.698,-20.816,-18.829,-16.131,-15.733,-15.396,-15.733,-16.473,-17.687,-20.404,-21.719,-22.824,-24.056,-24.895,-25.359,-25.358,-25.078,-24.833,-24.61,-24.386,-24.162,-21.555,-17.613,-15.679,-13.756,-12.046,-10.545,-9.0719,-7.539,-5.9477,-4.6834,-3.6309,-2.8908,-2.0725,-1.2098,-1,-1,-1,-1,-1,-1,-1,-1,-1,-1,-1,-0.606,0.33195,1,1,1,1,1,1,1,1,1
1,1,1,0.81,-0.024514,-1.3738,-3.0718,-4.4419,-5.4566,-6.5752,-7.764,-8.8874,-9,-10.348,-11.812,-13.106,-14,-14.072,-14.942,-15.865,-16.393,-17.129,-18.271,-19.593,-20.651,-21.598,-22.966,-23.988,-24.29,-24.587,-24.879,-25.094,-25.344,-25.55,-25.697,-25.796,-25.964,-26,-26,-26,-25.309,-23.961,-22.934,-21.698,-20.816,-18.829,-16.131,-13.12,-9.1298,-7.3961,-8.3986,-12.014,-16.473,-17.687,-20.404,-21.719,-22.824,-24.065,-25.172,-25.172,-24.962,-24.763,-24.563,-24.348,-24.132,-20.349,-16.978,-15.061,-13.217,-11.502,-9.8586,-8.0641,-6.4169,-4.8754,-3.8201,-3.2422,-2.4816,-1.72,-1.0258,-1,-1,-1,-1,-1,-1,-1.8139,-1.5056,-1,-1,-1,-1,-0.44369,0.74036,1,1,1,1,1,1,1,1
1,1,0.83189,-0.009921,-0.84444,-1.8604,-3.5372,-4.6182,-5.6653,-6.7125,-7.764,-8.8874,-9.0465,-10.407,-11.812,-12.251,-13.51,-14.055,-14.782,-15.135,-15.957,-16.69,-17.959,-19.146,-20.197,-21.568,-22.881,-23.979,-24.285,-24.582,-24.879,-25.094,-25.299,-25.511,-25.58,-25.764,-25.954,-26,-26,-26,-25.26,-23.912,-22.563,-21.218,-20.1,-17.645,-13.12,-9.1298,-6.5637,-5.5777,-6.5637,-9.1483,-12.385,-17.401,-19.814,-20.84,-21.996,-23.235,-24.475,-24.905,-24.853,-24.707,-24.348,-24.132,-21.729,-19.22,-16.891,-14.916,-13.217,-11.502,-9.8586,-7.9827,-5.8717,-4.1432,-3.4347,-2.8275,-2.1266,-1.3451,-1,-1,-1,-1,-1,-1.1558,-2.3234,-2.7587,-2.4599,-1.2106,-1,-1,-1,-0.7041,0.74036,1,1,1,1,1,1,1,1
1,1,0.37906,-0.63747,-1.6363,-2.4947,-3.7047,-4.6182,-5.6653,-6.7125,-7.7581,-8.5462,-9.0465,-10.022,-10.589,-11.837,-12.251,-13.51,-14.055,-14.782,-15.135,-15.957,-16.846,-18.237,-19.53,-20.982,-22.436,-23.941,-24.281,-24.574,-24.837,-25.048,-25.256,-25.442,-25.554,-25.748,-25.942,-26,-26,-26,-25.211,-23.863,-22.514,-21.166,-19.822,-17.078,-12.105,-8.0753,-6.3489,-5.5777,-6.3489,-9.1483,-12.385,-17.401,-19.814,-20.84,-21.996,-23.147,-24.131,-24.853,-24.853,-24.7,-24.31,-23.966,-21.729,-19.22,-16.891,-14.916,-13.532,-11.753,-9.9005,-7.9827,-5.8717,-4.1278,-3.2724,-2.4256,-1.7987,-1.096,-1,-1,-1,-1,-1.1558,-2.3234,-3.6652,-3.3195,-2.7587,-1.3501,-1,-1,-1,-0.7041,0.80623,1,1,1,1,1,1,1,1
1,0.90729,-0.050546,-1.0671,-2.0836,-3.0456,-3.7047,-4.3949,-5.4421,-6.4673,-7.2415,-7.7581,-8.5462,-9.086,-10.022,-10.589,-10.886,-11.953,-13.072,-13.727,-14.31,-14.919,-15.763,-16.901,-18.4,-19.709,-21.601,-23.601,-24.198,-24.426,-24.71,-24.987,-25.218,-25.35,-25.537,-25.732,-25.926,-26,-26,-26,-25.162,-23.814,-22.465,-21.117,-19.789,-17.078,-12.105,-8.3918,-7.9023,-6.5129,-8.4915,-11.191,-14.482,-18.284,-19.977,-21.142,-22.163,-23.147,-24.131,-24.853,-24.853,-24.7,-24.368,-24.194,-23.804,-21.026,-18.209,-16.068,-14.339,-12.46,-10.809,-9.1842,-7.1954,-4.1278,-3.2724,-2.4256,-1.6008,-1.0166,-1,-1,-1,-1,-1.2409,-3.6652,-3.9136,-3.9136,-2.7009,-1.3501,-1,-1,-1,-0.37583,1,1,1,1,1,1,1,1,1
1,0.53638,-0.47232,-1.4028,-2.1046,-3.0456,-3.6266,-4.2095,-5.1779,-5.7634,-6.4673,-7.2415,-7.2799,-8.0441,-8.8011,-9.2706,-9.5405,-10.342,-11.211,-12.019,-12.635,-13.075,-14.314,-15.763,-17.106,-18.45,-20.397,-22.372,-23.931,-24.276,-24.541,-24.916,-25.166,-25.327,-25.521,-25.715,-25.91,-26,-26,-26,-25.113,-23.765,-22.416,-21.117,-19.789,-17.732,-13,-11.892,-8.4915,-8.4915,-11.191,-13.845,-16.579,-19.239,-20.298,-21.325,-22.511,-23.508,-24.492,-24.903,-24.903,-24.725,-24.547,-24.368,-24.194,-23.804,-20.529,-18.096,-15.948,-13.535,-11.891,-10.367,-8.4976,-4.8889,-3.3087,-2.4324,-1.6008,-1.0166,-1,-1,-1,-1.0311,-1.8111,-3.7915,-3.9136,-3.5559,-2.2706,-1.0548,-1,-1,-0.87763,0.13211,1,1,1,1,1,1,1,1,1
1,0.32185,-0.49121,-1.4028,-2.1046,-2.6125,-3.2566,-3.9368,-4.5934,-5.1779,-5.7634,-6.0756,-6.2455,-6.6678,-7.2503,-7.351,-7.6722,-8.1599,-9.2099,-10.113,-10.476,-10.739,-12.313,-14.262,-15.763,-17.159,-19,-20.704,-22.372,-24.013,-24.402,-24.842,-25.12,-25.311,-25.505,-25.699,-25.893,-26,-26,-26,-25.064,-23.716,-22.367,-21.177,-20.591,-18.927,-17.209,-13,-12.232,-12.232,-13.845,-16.579,-18.994,-20.298,-21.022,-21.818,-22.775,-23.834,-24.844,-24.954,-24.929,-24.75,-24.572,-24.394,-24.244,-24.091,-22.289,-20.133,-17.571,-14.739,-13.154,-11.52,-9.6419,-6.3769,-3.6245,-2.8139,-1.994,-1.1976,-1,-1,-1,-1.5757,-2.4099,-3.7915,-3.7915,-3.2427,-1.8502,-1,-1,-1,-0.16603,0.90172,1,1,1,1,1,1,1,1,1
1,0.32185,-0.49121,-1.181,-1.6794,-2.2148,-2.7084,-3.3038,-3.9368,-4.5934,-5.0075,-5.0075,-5.1392,-5.2601,-5.3132,-5.3253,-5.3253,-5.6619,-6.5996,-7.639,-7.9796,-8.236,-9.7315,-12.197,-14.059,-15.597,-17.159,-19,-20.704,-22.349,-24.107,-24.643,-25.093,-25.294,-25.489,-25.683,-25.877,-26,-26,-26,-25.015,-23.716,-23.126,-22.081,-21.177,-20.591,-18.927,-17.209,-16.57,-16.57,-17.631,-18.994,-20.313,-21.022,-21.818,-22.775,-23.675,-24.542,-25,-25,-24.954,-24.776,-24.597,-24.441,-24.286,-24.13,-23.508,-21.033,-18.238,-15.802,-14.421,-12.551,-10.681,-8.4,-4.1604,-3.1363,-2.2336,-1.2684,-1,-1,-1,-1.48,-2.4099,-3.3924,-3.6127,-3.2427,-1.473,-1,-1,-0.20232,0.90172,1,1,1,1,1,1,1,1,1,1
1,0.42032,-0.24468,-0.74715,-1.2455,-1.7067,-2.2148,-2.7084,-3.0962,-3.3038,-3.627,-3.627,-3.3101,-3.3101,-3.4415,-3.4415,-3.1286,-3.1286,-3.7462,-4.521,-4.7895,-5.0313,-6.5686,-9.6369,-11.312,-12.883,-14.686,-16.709,-18.425,-19.678,-22.349,-24.274,-24.975,-25.249,-25.465,-25.667,-25.861,-25.998,-26,-26,-24.966,-24.524,-23.667,-23.126,-22.081,-21.752,-20.671,-20.344,-19.937,-19.937,-20.268,-20.687,-21.588,-22.132,-22.808,-23.675,-24.542,-25.048,-25.017,-25,-24.978,-24.801,-24.639,-24.484,-24.342,-24.153,-23.508,-21.033,-18.598,-17.025,-15.461,-13.403,-11.392,-8.9135,-5.2991,-3.37,-2.3822,-1.3928,-1,-1,-1,-1,-1.5757,-2.528,-3.3924,-3.3383,-1.4014,-1,-0.20232,0.87059,1,1,1,1,1,1,1,1,1,1,1
1,0.68351,0.18512,-0.31327,-0.80308,-1.2455,-1.7067,-2.0901,-2.0901,-1.0566,-1.0566,-1.0566,-1.0371,0.19694,0.19694,-0.48386,-0.48386,-0.50755,-1.1364,-1.753,-2.4506,-3.3606,-3.8278,-6.2163,-8.3277,-10.019,-12.319,-14.324,-16.125,-17.14,-18.864,-21.971,-24.51,-25.18,-25.414,-25.635,-25.841,-25.998,-26,-26,-25.781,-24.924,-24.524,-23.856,-23.625,-23.416,-22.704,-22.501,-22.029,-22.029,-22.122,-22.438,-22.956,-23.29,-23.799,-24.665,-25.331,-25.331,-25.175,-25.048,-24.987,-24.836,-24.694,-24.549,-24.347,-24.153,-23.472,-20.928,-19,-18.085,-16.47,-14.261,-11.748,-9.2471,-5.8699,-3.6469,-2.6452,-1.546,-1,-1,-1,-1,-1.0467,-1.48,-2.528,-1.5054,-1.138,-0.39083,0.87059,1,1,1,1,1,1,1,1,1,1,1,1
1,1,0.619,0.12061,-0.31327,-0.80308,-1.0679,-1.0679,-0.92009,0.31349,0.73303,0.82067,1,1,1,1,1,1,0.36693,-1.1236,-1.7215,-2.324,-3.0744,-3.5037,-4.7407,-7.1682,-9.9657,-11.996,-13.882,-15.485,-17.021,-18.864,-22.538,-25.156,-25.414,-25.635,-25.841,-26,-26.054,-26.054,-26,-25.781,-25.666,-25.432,-25.295,-25.08,-24.767,-24.617,-24.137,-24.002,-24.002,-24.264,-24.512,-24.676,-24.789,-25.545,-25.545,-25.472,-25.335,-25.175,-25.017,-24.909,-24.763,-24.557,-24.347,-24.125,-22.933,-20.48,-19,-18.884,-17.539,-14.831,-12.043,-9.5652,-6.6726,-4.0515,-2.8096,-1.546,-1,-1,-1,-1,-1,-1,-1.4794,-1.138,-0.34945,0.83451,1,1,1,1,1,1,1,1,1,1,1,1,1
1,1,0.96399,0.619,0.12061,-0.16423,-0.42902,-0.42902,0.31349,1,1,1,1,1,1,1,1,1,1,0.36693,-0.88016,-1.7215,-2.2156,-2.2504,-2.8844,-4.1247,-7.0312,-9.5409,-11.668,-13.736,-15.103,-17.021,-21.915,-25.133,-25.414,-25.641,-25.913,-26.062,-26.338,-26.343,-26.343,-26.321,-26.309,-26.29,-26.247,-26.207,-26.192,-26.163,-26,-25.787,-25.787,-25.941,-25.941,-25.873,-25.853,-25.794,-25.752,-25.623,-25.48,-25.335,-25.175,-24.98,-24.773,-24.557,-24.331,-24.076,-22.196,-19.72,-19,-19,-18.663,-15.321,-12.326,-9.8246,-7.0506,-4.4381,-2.9064,-1.6298,-1,-1,-1,-1,-1,-1,-0.96749,-0.36953,0.80306,1,1,1,1,1,1,1,1,1,1,1,1,1,1
1,1,1,0.90445,0.55377,0.47463,0.20984,0.31349,1,1,1,1,1,1,1,1,1,1,1,0.72098,0.033744,-0.88016,-1.0498,-1.295,-1.3521,-2.0057,-3.8692,-6.4768,-9.1692,-11.293,-13.736,-15.103,-20.606,-23.845,-25.338,-25.66,-25.979,-26.338,-26.582,-26.686,-26.731,-26.731,-26.731,-26.726,-26.677,-26.671,-26.664,-26.642,-26.555,-26.525,-26.505,-26.482,-26.47,-26.285,-26.1,-25.993,-25.956,-25.78,-25.623,-25.48,-25.28,-25.056,-24.792,-24.522,-24.267,-23.84,-21.534,-19.215,-19,-19,-19,-15.846,-12.578,-9.9344,-7.3264,-4.8299,-3.1179,-1.83,-1,-1,-1,-1,-1,-0.96749,-0.36953,0.44849,1,1,1,1,1,1,1,1,1,1,1,1,1,1,1
1,1,1,1,0.97532,0.97532,0.90271,1,1,1,1,1,1,1,1,1,1,1,1,1,0.72098,0.033744,0.033744,0.1462,0.1462,-1.3197,-2.0057,-3.8692,-6.4768,-9.1692,-11.293,-13.855,-20.606,-23.456,-25.287,-25.66,-26.068,-26.582,-26.723,-26.994,-27,-27,-27,-27,-27,-27,-27,-27,-27,-26.994,-26.961,-26.909,-26.661,-26.47,-26.285,-26.1,-26,-25.956,-25.78,-25.575,-25.336,-25.092,-24.813,-24.517,-24.22,-23.419,-20.875,-19.019,-19,-19,-19,-16.453,-12.744,-10.111,-7.5508,-5.0419,-3.2817,-2.0213,-1.0301,-1,-1,-1,-1,-0.9651,-0.31458,0.44849,1,1,1,1,1,1,1,1,1,1,1,1,1,1,1
1,1,1,1,1,1,1,1,1,1,1,1,1,1,1,1,1,1,1,1,1,0.84819,0.84819,0.94415,0.32977,0.13853,-1.4952,-3.0263,-4.1004,-6.5463,-9.9361,-13.669,-20.606,-23.456,-25.287,-25.695,-26.149,-26.723,-26.994,-27,-27,-27,-27,-27,-27,-27,-27,-27,-27,-27,-27,-26.987,-26.909,-26.661,-26.393,-26.212,-26.038,-26,-25.851,-25.606,-25.35,-25.092,-24.813,-24.502,-24.183,-22.776,-20.119,-19,-19,-19,-19,-16.608,-12.885,-10.298,-7.7286,-5.191,-3.2817,-2.0213,-1.0301,-1,-1,-1,-1,-0.9856,-0.30157,0.44849,1,1,1,1,1,1,1,1,1,1,1,1,1,1,1
1,1,1,1,1,1,1,1,1,1,1,1,1,1,1,1,1,1,1,1,1,1,1,1,0.98973,0.13853,-1.4952,-3.0263,-3.9965,-6.1056,-9.9361,-13.669,-20.389,-23.456,-25.318,-25.738,-26.225,-26.79,-27,-27,-27,-27,-27,-27,-27,-27,-27,-27,-27,-27,-27,-27,-26.987,-26.709,-26.504,-26.323,-26.142,-26.004,-25.851,-25.606,-25.35,-25.087,-24.752,-24.417,-24.105,-22.02,-19.296,-19,-19,-19,-19,-16.608,-12.885,-10.298,-7.7286,-5.191,-3.2626,-1.8928,-1,-1,-1,-1,-1,-0.9856,-0.30157,0.52649,1,1,1,1,1,1,1,1,1,1,1,1,1,1,1
1,1,1,1,1,1,1,1,1,1,1,1,1,1,1,1,1,1,1,1,1,1,1,1,1,-0.016096,-1.5521,-3.0832,-3.9965,-6.1056,-10.416,-13.972,-20.389,-23.506,-25.331,-25.769,-26.261,-26.79,-27,-27,-27,-27,-27,-27,-27,-27,-27,-27,-27,-27,-27,-27,-27,-26.797,-26.616,-26.435,-26.253,-26.066,-25.843,-25.58,-25.317,-25.05,-24.703,-24.339,-23.768,-20.901,-19,-19,-19,-19,-19,-15.927,-12.609,-9.8515,-7.5658,-5.1673,-3.2087,-1.8928,-1,-1,-1,-1,-1,-0.97238,-0.19176,0.6481,1,1,1,1,1,1,1,1,1,1,1,1,1,1,1
1,1,1,1,1,1,1,1,1,1,1,1,1,1,1,1,1,1,1,1,1,1,1,1,1,-0.13602,-1.6637,-3.147,-4.2736,-7.1094,-10.989,-15.05,-20.389,-24.76,-25.344,-25.791,-26.262,-26.758,-27,-27,-27,-27,-27,-27,-27,-27,-27,-27,-27,-27,-27,-27,-27,-26.859,-26.659,-26.459,-26.258,-26.066,-25.799,-25.532,-25.277,-25.01,-24.633,-24.255,-23.045,-19.791,-19,-19,-19,-19,-18.245,-15.364,-12.085,-9.1148,-7.0472,-4.8318,-3.1081,-1.8975,-1.129,-1,-1,-1,-1,-0.91565,-0.11137,0.75669,1,1,1,1,1,1,1,1,1,1,1,1,1,1,1
1,1,1,1,1,1,1,1,1,1,1,1,1,1,1,1,1,1,1,1,1,1,1,1,0.95916,-0.30312,-1.9877,-3.3954,-5.3116,-8.075,-11.491,-15.533,-20.337,-24.76,-25.366,-25.837,-26.296,-26.746,-27,-27,-27,-27,-27,-27,-27,-27,-27,-27,-27,-27,-27,-27,-27,-26.859,-26.659,-26.459,-26.258,-26.058,-25.779,-25.476,-25.215,-24.926,-24.453,-23.874,-21.758,-19,-18.631,-18.631,-18.714,-18.245,-16.094,-13.868,-11.031,-8.1168,-6.4268,-4.4451,-2.9882,-1.6232,-1,-1,-1,-1,-1,-0.84819,-0.00051376,0.90489,1,1,1,1,1,1,1,1,1,1,1,1,1,1,1
1,1,1,1,1,1,1,1,1,1,1,1,1,1,1,1,1,1,1,1,1,1,1,0.95916,0.15315,-0.39116,-2.1714,-3.7963,-5.965,-8.3754,-11.844,-15.888,-20.337,-24.72,-25.399,-25.913,-26.319,-26.699,-26.967,-27,-27,-27,-27,-27,-27,-27,-27,-27,-27,-27,-27,-27,-27,-26.842,-26.638,-26.441,-26.245,-26.046,-25.76,-25.45,-25.156,-24.802,-24.326,-22.984,-20.337,-18.434,-17.54,-17.309,-17.255,-16.094,-13.868,-11.66,-8.6746,-6.5072,-4.7738,-3.4282,-1.8658,-0.63315,-0.63315,-0.67462,-1,-1,-1,-0.80981,0.13792,0.98513,1,1,1,1,1,1,1,1,1,1,1,1,1,1,1
1,1,1,1,1,1,1,1,1,1,1,1,1,1,1,1,1,1,1,1,1,1,0.8592,0.15315,-0.39116,-1.2361,-2.6498,-4.4342,-6.3165,-8.5989,-12.239,-15.888,-20.09,-24.684,-25.428,-25.975,-26.347,-26.641,-26.955,-27,-27,-27,-27,-27,-27,-27,-27,-27,-27,-27,-27,-27,-27,-26.824,-26.602,-26.393,-26.203,-26.013,-25.709,-25.401,-25.094,-24.686,-24.24,-22.069,-18.865,-17.54,-16.48,-16.181,-15.312,-13.553,-11.66,-9.3931,-6.568,-4.7738,-3.4282,-1.6232,0.3885,0.53956,0.53956,-0.22437,-0.67462,-1,-1,-0.793,0.18477,1,1,1,1,1,1,1,1,1,1,1,1,1,1,1,1
1,1,1,1,1,1,1,1,1,1,1,1,1,1,1,1,1,1,1,1,1,0.81603,-0.062731,-0.81918,-1.2361,-2.3708,-3.4876,-5.2187,-7.0624,-8.9787,-12.78,-16.356,-20.408,-24.684,-25.486,-26.046,-26.336,-26.638,-26.926,-27,-27,-27,-27,-27,-27,-27,-27,-27,-27,-27,-27,-27,-26.996,-26.795,-26.569,-26.354,-26.15,-25.925,-25.608,-25.298,-24.977,-24.532,-24.04,-20.463,-17.872,-16.48,-15.36,-14.709,-13.19,-11.334,-9.3931,-6.9447,-4.7738,-2.2818,-0.38481,0.87534,1,1,0.88847,0.53956,-0.22437,-0.83947,-0.83947,-0.50823,0.52673,1,1,1,1,1,1,1,1,1,1,1,1,1,1,1,1
1,1,1,1,1,1,1,1,1,1,1,1,1,1,1,1,1,1,1,1,0.81603,-0.22465,-1.0741,-1.8148,-2.3708,-3.2925,-4.593,-6.1462,-7.8621,-10.437,-13.68,-17.031,-20.791,-24.819,-25.515,-26.063,-26.336,-26.61,-26.874,-27,-27,-27,-27,-27,-27,-27,-27,-27,-27,-27,-27,-27,-26.963,-26.736,-26.487,-26.267,-26.066,-25.817,-25.509,-25.193,-24.831,-24.379,-23.131,-18.683,-16.96,-15.36,-14.328,-12.833,-11.028,-9.1767,-7.2494,-4.7832,-2.2818,-0.35087,1,1,1,1,1,0.88847,0.024039,-0.24195,-0.50823,0.36876,1,1,1,1,1,1,1,1,1,1,1,1,1,1,1,1,1
1,1,1,1,1,1,1,1,1,1,1,1,1,1,1,1,1,1,1,1,-0.22465,-1.577,-2.126,-2.8104,-3.2925,-4.3043,-5.7555,-7.3005,-8.8214,-11.384,-14.48,-17.737,-23.238,-24.826,-25.517,-26.068,-26.329,-26.577,-26.825,-26.992,-27,-27,-27,-27,-27,-27,-27,-27,-27,-27,-27,-27,-26.916,-26.648,-26.408,-26.173,-25.941,-25.674,-25.388,-25.081,-24.682,-24.239,-21.327,-17.77,-15.986,-14.328,-12.478,-10.699,-8.9087,-7.2494,-5.3417,-3.0193,-0.35087,1,1,1,1,1,1,0.99421,0.68002,0.29462,0.36876,1,1,1,1,1,1,1,1,1,1,1,1,1,1,1,1,1,1
1,1,1,1,1,1,1,1,1,1,1,1,1,1,1,1,1,1,1,0.21019,-1.577,-2.9833,-3.3245,-3.806,-4.3043,-5.6322,-6.918,-8.463,-9.9555,-11.945,-15.282,-18.592,-23.969,-24.833,-25.519,-26.068,-26.315,-26.559,-26.803,-26.989,-27,-27,-27,-27,-27,-27,-27,-27,-27,-27,-27,-27,-26.847,-26.564,-26.293,-26.06,-25.8,-25.529,-25.26,-24.943,-24.52,-23.951,-20.48,-16.954,-14.759,-12.478,-10.418,-8.7142,-6.9532,-5.3417,-3.3147,-0.85873,1,1,1,1,1,1,1,1,0.99421,0.85691,1,1,1,1,1,1,1,1,1,1,1,1,1,1,1,1,1,1,1
1,1,1,1,1,1,1,1,1,1,1,1,1,1,1,1,1,1,0.96098,-1.4506,-3.2234,-4.366,-4.5709,-5.0228,-5.6322,-6.918,-8.112,-9.6052,-11.08,-12.723,-15.746,-19.27,-24.153,-24.876,-25.532,-26.067,-26.309,-26.546,-26.783,-26.977,-27,-27,-27,-27,-27,-27,-27,-27,-27,-27,-27,-26.957,-26.733,-26.477,-26.202,-25.937,-25.667,-25.397,-25.127,-24.784,-24.359,-23.295,-19.17,-16.013,-13.168,-10.418,-8.3384,-6.6735,-5.0178,-3.3147,-1.024,0.92609,1,1,1,1,1,1,1,1,1,1,1,1,1,1,1,1,1,1,1,1,1,1,1,1,1,1,1,1,1
1,1,1,1,1,1,1,1,1,1,1,1,1,1,1,1,1,0.96098,-1.0808,-3.2234,-4.576,-5.3831,-5.6206,-6.2986,-6.9828,-8.112,-9.3487,-10.804,-12.218,-13.726,-16.672,-20.17,-24.271,-24.98,-25.559,-26.06,-26.28,-26.499,-26.726,-26.956,-27,-27,-27,-27,-27,-27,-27,-27,-27,-27,-26.971,-26.811,-26.592,-26.368,-26.1,-25.827,-25.555,-25.286,-25.014,-24.645,-24.222,-21.764,-17.84,-14.466,-11.114,-8.3384,-6.6735,-5.0178,-3.3147,-1.1255,0.90669,1,1,1,1,1,1,1,1,1,1,1,1,1,1,1,1,1,1,1,1,1,1,1,1,1,1,1,1,1,1
1,1,1,1,1,1,1,1,1,1,1,1,1,1,1,1,0.97283,-0.76566,-3.2234,-4.7522,-5.4212,-6.2844,-6.6702,-7.4491,-8.3257,-9.3487,-10.645,-12.094,-13.508,-14.933,-17.405,-21.658,-24.434,-25.135,-25.609,-26.06,-26.28,-26.493,-26.705,-26.911,-26.996,-27,-27,-27,-27,-27,-27,-27,-26.998,-26.971,-26.815,-26.675,-26.454,-26.232,-25.992,-25.722,-25.449,-25.178,-24.873,-24.495,-23.994,-18.91,-15.972,-13.009,-10.117,-7.4935,-5.5877,-3.8892,-1.3511,0.76695,1,1,1,1,1,1,1,1,1,1,1,1,1,1,1,1,1,1,1,1,1,1,1,1,1,1,1,1,1,1,1
1,1,1,1,1,1,1,1,1,1,1,1,1,1,1,0.97283,-0.76566,-3.1017,-4.576,-5.6635,-6.3258,-7.1199,-7.7294,-8.5931,-9.6772,-10.645,-12.048,-13.384,-14.795,-16.203,-18.173,-22.453,-24.558,-25.234,-25.683,-26.054,-26.258,-26.462,-26.665,-26.802,-26.911,-26.996,-26.996,-26.996,-26.996,-26.993,-26.936,-26.901,-26.876,-26.815,-26.675,-26.539,-26.32,-26.097,-25.877,-25.63,-25.352,-25.073,-24.722,-24.346,-23.123,-17.488,-14.723,-12.07,-9.2689,-6.722,-4.5936,-2.5399,0.028988,1,1,1,1,1,1,1,1,1,1,1,1,1,1,1,1,1,1,1,1,1,1,1,1,1,1,1,1,1,1,1,1
1,1,1,1,1,1,1,1,1,1,1,1,1,1,1,0.2675,-2.3833,-4.522,-5.6635,-6.7015,-7.488,-8.1034,-8.7646,-9.8335,-11.008,-12.048,-13.384,-14.671,-16.071,-17.409,-18.921,-22.776,-24.703,-25.269,-25.683,-26.05,-26.253,-26.456,-26.608,-26.665,-26.802,-26.838,-26.847,-26.847,-26.845,-26.829,-26.769,-26.739,-26.713,-26.647,-26.539,-26.406,-26.186,-25.964,-25.748,-25.531,-25.273,-24.987,-24.596,-24.208,-20.476,-16.454,-13.68,-11.105,-8.4483,-5.9333,-3.5039,-1.1844,0.92807,1,1,1,1,1,1,1,1,1,1,1,1,1,1,1,1,1,1,1,1,1,1,1,1,1,1,1,1,1,1,1,1
1,1,1,1,1,1,1,1,1,1,1,1,1,1,1,-0.87452,-3.9266,-5.4857,-6.7015,-7.6903,-8.6531,-9.3077,-10.065,-11.158,-12.309,-13.448,-14.407,-15.339,-16.57,-17.844,-19.377,-22.922,-24.854,-25.312,-25.683,-26.045,-26.237,-26.361,-26.456,-26.608,-26.629,-26.664,-26.672,-26.672,-26.663,-26.651,-26.602,-26.575,-26.549,-26.48,-26.406,-26.247,-26.053,-25.833,-25.621,-25.404,-25.188,-24.88,-24.484,-23.851,-18.344,-15.411,-12.682,-10.068,-7.3074,-4.7923,-2.3351,0.13417,1,1,1,1,1,1,1,1,1,1,1,1,1,1,1,1,1,1,1,1,1,1,1,1,1,1,1,1,1,1,1,1,1
1,1,1,1,1,1,1,1,1,1,1,1,1,1,0.23734,-2.6318,-4.9466,-6.4509,-7.6903,-8.6826,-9.9291,-10.654,-11.426,-12.518,-13.64,-14.407,-15.08,-15.828,-16.91,-18.139,-20.304,-23.075,-25.007,-25.333,-25.678,-25.998,-26.104,-26.237,-26.361,-26.452,-26.463,-26.491,-26.495,-26.495,-26.482,-26.47,-26.435,-26.409,-26.386,-26.313,-26.247,-26.079,-25.908,-25.675,-25.485,-25.305,-25.082,-24.766,-24.366,-22.85,-17.245,-14.377,-11.518,-8.6997,-5.6298,-3.3203,-0.66784,1,1,1,1,1,1,1,1,1,1,1,1,1,1,1,1,1,1,1,1,1,1,1,1,1,1,1,1,1,1,1,1,1,1
1,1,1,1,1,1,1,1,1,1,1,1,1,0.71138,-1.5336,-4.2689,-5.878,-7.4184,-8.6826,-9.9291,-11.205,-12,-12.813,-13.858,-14.51,-15.08,-15.754,-16.454,-17.415,-18.498,-21.881,-24.429,-25.048,-25.342,-25.622,-25.93,-26.01,-26.104,-26.227,-26.286,-26.297,-26.318,-26.318,-26.316,-26.301,-26.289,-26.267,-26.243,-26.222,-26.147,-26.079,-25.908,-25.675,-25.495,-25.305,-25.085,-24.96,-24.635,-24.259,-20.473,-16.38,-13.425,-10.308,-6.7723,-3.888,-1.3877,0.81085,1,1,1,1,1,1,1,1,1,1,1,1,1,1,1,1,1,1,1,1,1,1,1,1,1,1,1,1,1,1,1,1,1,1
1,1,1,1,1,1,1,1,1,1,1,1,1,-0.12853,-2.7756,-4.9762,-6.6521,-8.287,-9.8025,-11.205,-12.307,-13.308,-14,-14.542,-15.084,-15.748,-16.404,-17.073,-18.028,-19.326,-23.385,-24.518,-25.061,-25.333,-25.621,-25.855,-25.93,-26.01,-26.09,-26.12,-26.131,-26.145,-26.145,-26.137,-26.122,-26.107,-26.087,-26.076,-26.056,-25.932,-25.795,-25.666,-25.485,-25.286,-25.085,-24.96,-24.652,-24.511,-24.146,-18.248,-15.436,-12.404,-9.1294,-4.9771,-2.2165,0.14831,1,1,1,1,1,1,1,1,1,1,1,1,1,1,1,1,1,1,1,1,1,1,1,1,1,1,1,1,1,1,1,1,1,1,1
1,1,1,1,1,1,1,1,1,1,1,1,1,-0.35293,-3.4469,-5.4052,-7.0823,-8.7767,-10.691,-12.307,-13.308,-14,-14.542,-15.084,-15.748,-16.347,-16.999,-17.735,-18.641,-21.714,-24.116,-24.632,-25.061,-25.268,-25.485,-25.621,-25.855,-25.875,-25.891,-25.91,-25.932,-25.943,-25.943,-25.912,-25.88,-25.849,-25.815,-25.8,-25.72,-25.51,-25.388,-25.282,-25.219,-25.042,-24.759,-24.652,-24.511,-24.306,-23.75,-17.344,-14.605,-11.359,-7.695,-3.9221,-1.1736,0.83431,1,1,1,1,1,1,1,1,1,1,1,1,1,1,1,1,1,1,1,1,1,1,1,1,1,1,1,1,1,1,1,1,1,1,1
1,1,1,1,1,1,1,1,1,1,1,1,1,-0.88345,-3.9807,-5.7337,-7.4385,-9.1532,-11.248,-13.022,-14,-14,-14.542,-15.495,-16.122,-16.877,-17.652,-18.346,-20.157,-23.762,-24.276,-24.647,-25.011,-25.114,-25.33,-25.485,-25.574,-25.579,-25.579,-25.589,-25.596,-25.596,-25.577,-25.538,-25.506,-25.483,-25.451,-25.435,-25.307,-25.057,-24.639,-24.358,-24.358,-24.393,-24.393,-24.329,-24.306,-23.766,-21.447,-16.55,-13.764,-9.9252,-6.0363,-2.9191,-0.28977,1,1,1,1,1,1,1,1,1,1,1,1,1,1,1,1,1,1,1,1,1,1,1,1,1,1,1,1,1,1,1,1,1,1,1,1
1,1,1,1,1,1,1,1,1,1,1,1,1,-1.1874,-3.9807,-6.0751,-7.7876,-9.6162,-11.763,-13.665,-14,-14,-14.459,-15.495,-16.495,-17.188,-18.028,-18.89,-21.622,-24.056,-24.396,-24.702,-24.999,-25.016,-25.114,-25.33,-25.344,-25.284,-25.271,-25.271,-25.271,-25.249,-25.214,-25.174,-25.133,-25.112,-25.088,-25.066,-24.494,-23.358,-23.034,-22.629,-23.034,-23.666,-23.666,-23.693,-23.693,-21.447,-18.502,-15.722,-12.273,-8.1746,-4.2316,-2.7343,0.21304,1,1,1,1,1,1,1,1,1,1,1,1,1,1,1,1,1,1,1,1,1,1,1,1,1,1,1,1,1,1,1,1,1,1,1,1
1,1,1,1,1,1,1,1,1,1,1,1,1,-1.1874,-3.9007,-6.0751,-8.2327,-10.195,-11.948,-13.665,-14,-14,-14.371,-15.433,-16.495,-17.469,-18.288,-19.435,-21.797,-24.056,-24.396,-24.688,-24.779,-24.999,-25.016,-25.078,-25.078,-25.006,-24.951,-24.947,-24.887,-24.858,-24.849,-24.796,-24.74,-24.695,-24.688,-24.427,-23.358,-21.338,-21.338,-21.384,-21.384,-20.784,-20.461,-20.569,-20.801,-18.658,-17.707,-14.874,-10.669,-6.6276,-2.7343,-1.2799,1,1,1,1,1,1,1,1,1,1,1,1,1,1,1,1,1,1,1,1,1,1,1,1,1,1,1,1,1,1,1,1,1,1,1,1,1
1,1,1,1,1,1,1,1,1,1,1,1,1,-0.62462,-3.2029,-5.6928,-8.2327,-10.227,-11.948,-13.589,-14,-14,-14.291,-15.344,-16.406,-17.469,-18.292,-19.618,-21.622,-23.873,-24.278,-24.413,-24.688,-24.779,-24.779,-24.779,-24.677,-24.643,-24.59,-24.397,-24.495,-24.444,-24.444,-24.397,-24.341,-24.287,-23.995,-22.277,-21.338,-20.466,-20.396,-20.396,-20.238,-17.536,-17.536,-17.861,-18.263,-17.707,-16.605,-13.66,-9.0734,-5.1206,-2.7343,0.084854,1,1,1,1,1,1,1,1,1,1,1,1,1,1,1,1,1,1,1,1,1,1,1,1,1,1,1,1,1,1,1,1,1,1,1,1,1
1,1,1,1,1,1,1,1,1,1,1,1,1,-0.17219,-2.6575,-5.4085,-8.2327,-10.227,-11.887,-13.204,-14,-14,-14.238,-15.255,-16.318,-17.333,-18.424,-19.618,-21.146,-22.613,-23.873,-24.278,-24.413,-24.478,-24.478,-24.448,-24.075,-23.23,-23.837,-22.202,-23.837,-23.33,-23.33,-22.769,-22.252,-21.553,-21.399,-20.622,-20.403,-20.269,-19.442,-16.949,-16.614,-15.048,-15.048,-15.584,-16.269,-16.269,-15.079,-11.875,-7.5353,-3.666,-1.2799,1,1,1,1,1,1,1,1,1,1,1,1,1,1,1,1,1,1,1,1,1,1,1,1,1,1,1,1,1,1,1,1,1,1,1,1,1,1
1,1,1,1,1,1,1,1,1,1,1,1,1,0.17858,-2.4283,-5.2194,-8.1827,-9.9831,-11.182,-12.594,-13.257,-14,-14.192,-14.871,-15.976,-16.428,-18.292,-19.089,-19.682,-21.146,-22.613,-23.697,-23.973,-24.179,-24.179,-23.23,-22.094,-21.749,-20.954,-19.883,-19.559,-18.839,-17.096,-17.096,-16.585,-15.376,-14.957,-14.57,-13.799,-13.799,-13.757,-13.094,-12.341,-12.102,-12.102,-12.882,-13.925,-13.925,-13.244,-10.079,-6.0477,-3.666,-0.51725,1,1,1,1,1,1,1,1,1,1,1,1,1,1,1,1,1,1,1,1,1,1,1,1,1,1,1,1,1,1,1,1,1,1,1,1,1,1
1,1,1,1,1,1,1,1,1,1,1,1,1,1,-2.1553,-4.9933,-7.5964,-9.178,-10.146,-11.182,-12.594,-13.257,-13.854,-14.192,-14.871,-15.976,-16.428,-18.318,-19.089,-19.682,-20.331,-20.459,-20.459,-19.866,-19.866,-19.634,-18.846,-18.761,-17.587,-16.047,-14.527,-13.77,-12.892,-12.75,-12.188,-11.649,-10.844,-10.638,-9.981,-9.7981,-9.2296,-8.7887,-8.6812,-8.6312,-8.6312,-8.9867,-11.071,-11.098,-10.835,-8.3919,-4.2685,-2.0191,0.92124,1,1,1,1,1,1,1,1,1,1,1,1,1,1,1,1,1,1,1,1,1,1,1,1,1,1,1,1,1,1,1,1,1,1,1,1,1,1
1,1,1,1,1,1,1,1,1,1,1,1,1,1,-1.5418,-4.3791,-6.468,-7.5964,-9.178,-10.146,-10.868,-11.579,-12.25,-12.935,-13.607,-14.264,-15.048,-15.562,-15.9,-16.892,-17.082,-17.082,-16.828,-16.363,-15.923,-15.793,-14.765,-14.086,-12.88,-11.403,-9.3935,-8.7723,-8.6107,-7.7639,-7.6847,-7.5241,-7.5221,-7.3487,-6.2883,-5.5932,-5.1174,-5.1174,-5.1174,-5.1437,-5.1437,-6.5558,-8.9867,-9.8369,-9.1067,-6.8659,-4.2685,-0.51725,1,1,1,1,1,1,1,1,1,1,1,1,1,1,1,1,1,1,1,1,1,1,1,1,1,1,1,1,1,1,1,1,1,1,1,1,1,1,1
1,1,1,1,1,1,1,1,1,1,1,1,1,1,-0.66773,-3.2103,-4.3791,-6.468,-7.0999,-7.9627,-8.9638,-9.8009,-10.489,-11.154,-11.719,-12.351,-12.893,-13.101,-13.302,-13.657,-14.036,-14.102,-14.102,-13.306,-12.564,-11.777,-10.92,-9.598,-8.3571,-7.0001,-4.2192,-3.7907,-3.0444,-3.0444,-3.2108,-3.4203,-4.2351,-4.2351,-3.9729,-2.6438,-2.0233,-1.8318,-1.3377,-1.3377,-1.8303,-5.1437,-6.5558,-8.6279,-8.5448,-5.4264,-2.0191,1,1,1,1,1,1,1,1,1,1,1,1,1,1,1,1,1,1,1,1,1,1,1,1,1,1,1,1,1,1,1,1,1,1,1,1,1,1,1,1
1,1,1,1,1,1,1,1,1,1,1,1,1,1,1,-0.66773,-3.0129,-3.2103,-4.0314,-5.3264,-6.1046,-7.3481,-8.4311,-9.2244,-9.823,-10.479,-11.079,-11.294,-11.475,-11.719,-12.062,-12.155,-12.155,-11.257,-9.9824,-8.6062,-7.4504,-6.0367,-4.3659,-1.9941,-0.085305,0.33844,1,1,0.37426,-0.049394,-0.75549,-2.1732,-2.1732,-0.88222,0.39309,0.97466,1,1,0.92256,-1.8303,-5.2925,-6.8129,-6.8129,-3.3355,0.37635,1,1,1,1,1,1,1,1,1,1,1,1,1,1,1,1,1,1,1,1,1,1,1,1,1,1,1,1,1,1,1,1,1,1,1,1,1,1,1,1
1,1,1,1,1,1,1,1,1,1,1,1,1,1,1,1,0.65779,0.54805,-0.052149,-1.0319,-2.8454,-4.3997,-5.9796,-7.0024,-7.6523,-8.3715,-9.2502,-9.4993,-9.6825,-9.8845,-10.161,-10.309,-10.309,-9.8105,-8.2978,-6.3856,-4.5938,-2.0411,0.4164,1,1,1,1,1,1,1,0.8975,0.66938,0.51492,0.51492,0.97466,1,1,1,1,0.92256,-3.5153,-3.9025,-3.5153,0.37635,1,1,1,1,1,1,1,1,1,1,1,1,1,1,1,1,1,1,1,1,1,1,1,1,1,1,1,1,1,1,1,1,1,1,1,1,1,1,1,1,1
1,1,1,1,1,1,1,1,1,1,1,1,1,1,1,1,1,1,1,1,-0.28987,-1.778,-3.502,-4.6192,-5.4344,-5.7315,-6.6298,-6.8718,-7.1417,-7.5681,-7.9451,-8.6354,-8.6354,-8.1516,-6.2877,-4.3851,-1.0581,0.99136,1,1,1,1,1,1,1,1,1,1,1,1,1,1,1,1,1,1,-2.9564,-2.9564,0.37635,1,1,1,1,1,1,1,1,1,1,1,1,1,1,1,1,1,1,1,1,1,1,1,1,1,1,1,1,1,1,1,1,1,1,1,1,1,1,1,1,1,1
1,1,1,1,1,1,1,1,1,1,1,1,1,1,1,1,1,1,1,1,1,0.59162,-1.0965,-2.2058,-2.4581,-2.5597,-3.6449,-3.9541,-4.1556,-4.8074,-5.3604,-6.6853,-6.6853,-6.1957,-4.3281,-1.0581,1,1,1,1,1,1,1,1,1,1,1,1,1,1,1,1,1,1,1,1,0.75558,0.75558,1,1,1,1,1,1,1,1,1,1,1,1,1,1,1,1,1,1,1,1,1,1,1,1,1,1,1,1,1,1,1,1,1,1,1,1,1,1,1,1,1,1,1
1,1,1,1,1,1,1,1,1,1,1,1,1,1,1,1,1,1,1,1,1,1,1,1,1,0.54332,0.43662,0.0698,-0.36715,-1.4731,-2.8768,-4.2474,-4.3281,-4.3281,-1.2431,1,1,1,1,1,1,1,1,1,1,1,1,1,1,1,1,1,1,1,1,1,1,1,1,1,1,1,1,1,1,1,1,1,1,1,1,1,1,1,1,1,1,1,1,1,1,1,1,1,1,1,1,1,1,1,1,1,1,1,1,1,1,1,1,1,1
1,1,1,1,1,1,1,1,1,1,1,1,1,1,1,1,1,1,1,1,1,1,1,1,1,1,1,1,1,0.92821,-0.68727,-2.1865,-2.1865,-1.2431,0.98033,1,1,1,1,1,1,1,1,1,1,1,1,1,1,1,1,1,1,1,1,1,1,1,1,1,1,1,1,1,1,1,1,1,1,1,1,1,1,1,1,1,1,1,1,1,1,1,1,1,1,1,1,1,1,1,1,1,1,1,1,1,1,1,1,1,1
1,1,1,1,1,1,1,1,1,1,1,1,1,1,1,1,1,1,1,1,1,1,1,1,1,1,1,1,1,1,1,0.10951,0.10951,0.98033,1,1,1,1,1,1,1,1,1,1,1,1,1,1,1,1,1,1,1,1,1,1,1,1,1,1,1,1,1,1,1,1,1,1,1,1,1,1,1,1,1,1,1,1,1,1,1,1,1,1,1,1,1,1,1,1,1,1,1,1,1,1,1,1,1,1,1
1,1,1,1,1,1,1,1,1,1,1,1,1,1,1,1,1,1,1,1,1,1,1,1,1,1,1,1,1,1,1,1,1,1,1,1,1,1,1,1,1,1,1,1,1,1,1,1,1,1,1,1,1,1,1,1,1,1,1,1,1,1,1,1,1,1,1,1,1,1,1,1,1,1,1,1,1,1,1,1,1,1,1,1,1,1,1,1,1,1,1,1,1,1,1,1,1,1,1,1,1
